ID,City,lat,lon,Date,Temp Morning,Temp Day,Temp Evening,Temp Night,Temp Min,Temp Max,Feels Like Morning,Feels Like Day,Feels Like Evening,Feels Like Night,Humidity,Weather,Description,Wind Speed,Precipitation Probability,Precipitation Volume,Weather Score
1,Mont Saint Michel,48.6359541,-1.511459954959514,2024-04-22 12:00:00,4.08,11.21,8.49,7.26,2.84,11.48,1.02,9.82,5.46,5.23,55,Rain,light rain,7.06,0.2,0.1,10.47
1,Mont Saint Michel,48.6359541,-1.511459954959514,2024-04-23 12:00:00,5.95,9.13,9.3,5.71,4.14,9.9,5.95,6.42,7.05,3.66,77,Rain,light rain,5.64,0.2,0.15,8.885
1,Mont Saint Michel,48.6359541,-1.511459954959514,2024-04-24 12:00:00,5.5,11.28,8.47,5.12,4.11,11.46,4.72,10.32,6.1,3.05,71,Clouds,overcast clouds,6.49,0.0,0.0,11.46
1,Mont Saint Michel,48.6359541,-1.511459954959514,2024-04-25 12:00:00,3.52,11.63,10.03,7.39,2.39,11.91,1.79,10.34,9.31,5.48,57,Rain,light rain,4.09,0.78,0.58,7.952
1,Mont Saint Michel,48.6359541,-1.511459954959514,2024-04-26 12:00:00,6.15,12.5,11.58,10.45,6.02,12.5,2.58,11.66,10.73,9.56,71,Rain,light rain,7.55,0.36,0.38,10.661999999999999
1,Mont Saint Michel,48.6359541,-1.511459954959514,2024-04-27 12:00:00,8.04,11.68,10.93,8.38,8.04,12.42,5.88,11.04,10.22,4.6,82,Rain,moderate rain,10.09,1.0,17.05,5.715
1,Mont Saint Michel,48.6359541,-1.511459954959514,2024-04-28 12:00:00,7.69,11.82,10.99,7.81,7.69,13.41,4.28,11.02,10.26,5.74,75,Rain,light rain,7.8,1.0,3.51,8.059000000000001
1,Mont Saint Michel,48.6359541,-1.511459954959514,2024-04-29 12:00:00,7.71,13.55,12.99,9.51,6.85,13.64,5.34,12.66,12.25,7.49,65,Rain,light rain,4.0,0.2,0.21,12.619
2,St Malo,48.649518,-2.0260409,2024-04-22 12:00:00,7.27,10.49,7.9,7.36,6.75,10.68,3.84,9.14,4.44,4.7,59,Rain,light rain,7.38,0.23,0.11,9.519
2,St Malo,48.649518,-2.0260409,2024-04-23 12:00:00,6.94,9.56,9.57,8.94,6.75,10.1,6.28,7.7,6.56,6.84,70,Rain,light rain,7.43,0.84,0.5,5.85
2,St Malo,48.649518,-2.0260409,2024-04-24 12:00:00,7.98,11.19,9.66,7.18,7.18,11.19,7.5,10.11,7.33,5.3,67,Clouds,broken clouds,6.84,0.0,0.0,11.19
2,St Malo,48.649518,-2.0260409,2024-04-25 12:00:00,5.02,11.54,10.17,8.41,4.4,11.54,2.35,10.32,9.31,6.34,60,Rain,light rain,6.04,0.93,0.3,6.8599999999999985
2,St Malo,48.649518,-2.0260409,2024-04-26 12:00:00,7.63,10.22,11.6,10.22,7.03,12.86,4.17,9.57,10.83,9.54,87,Rain,light rain,8.1,1.0,2.49,7.611
2,St Malo,48.649518,-2.0260409,2024-04-27 12:00:00,8.35,7.99,10.64,8.92,7.99,11.71,6.03,3.57,9.85,4.72,87,Rain,moderate rain,10.3,1.0,17.17,4.993
2,St Malo,48.649518,-2.0260409,2024-04-28 12:00:00,7.81,13.52,10.87,8.77,7.81,13.52,3.95,12.47,10.1,5.89,59,Rain,light rain,9.79,1.0,2.58,8.262
2,St Malo,48.649518,-2.0260409,2024-04-29 12:00:00,8.27,12.92,12.91,10.17,7.67,12.92,5.41,11.99,12.19,9.54,66,Clouds,few clouds,5.9,0.0,0.0,12.92
3,Bayeux,49.2764624,-0.7024738,2024-04-22 12:00:00,6.59,9.81,7.58,6.95,5.92,9.81,3.01,7.11,5.02,4.88,63,Rain,light rain,7.16,1.0,0.7,4.74
3,Bayeux,49.2764624,-0.7024738,2024-04-23 12:00:00,5.69,8.75,8.06,5.43,5.1,9.01,5.69,6.64,5.58,2.82,69,Rain,light rain,4.3,0.2,0.25,7.984999999999999
3,Bayeux,49.2764624,-0.7024738,2024-04-24 12:00:00,6.54,6.5,7.36,3.94,3.94,8.79,5.57,6.5,6.31,3.94,90,Rain,light rain,4.55,0.97,2.1,3.7299999999999995
3,Bayeux,49.2764624,-0.7024738,2024-04-25 12:00:00,4.69,11.04,9.95,6.75,2.84,12.11,2.02,9.82,7.84,4.13,62,Rain,light rain,5.52,0.2,0.11,11.099
3,Bayeux,49.2764624,-0.7024738,2024-04-26 12:00:00,6.51,12.56,11.46,9.22,6.51,12.85,3.4,11.62,10.65,7.23,67,Rain,light rain,6.77,0.32,0.26,11.224
3,Bayeux,49.2764624,-0.7024738,2024-04-27 12:00:00,9.4,14.64,11.34,8.67,8.67,14.64,5.77,13.78,10.57,4.83,62,Rain,moderate rain,8.47,1.0,5.89,9.051
3,Bayeux,49.2764624,-0.7024738,2024-04-28 12:00:00,8.86,13.67,10.51,6.7,6.7,13.67,5.5,12.71,9.84,4.13,62,Rain,light rain,9.42,1.0,1.53,8.517
3,Bayeux,49.2764624,-0.7024738,2024-04-29 12:00:00,7.72,13.8,12.26,7.82,5.96,14.07,4.82,13.04,11.53,6.34,69,Rain,light rain,5.46,0.49,0.78,11.542000000000002
4,Le Havre,49.4938975,0.1079732,2024-04-22 11:00:00,6.17,8.82,8.98,5.83,5.83,9.12,2.62,5.4,6.01,2.81,66,Rain,light rain,7.31,0.65,1.3,5.739999999999999
4,Le Havre,49.4938975,0.1079732,2024-04-23 11:00:00,3.97,7.43,8.23,8.91,3.97,8.91,1.41,5.19,5.6,5.59,64,Rain,light rain,6.82,0.36,0.23,7.087000000000001
4,Le Havre,49.4938975,0.1079732,2024-04-24 11:00:00,8.08,8.31,8.41,7.42,6.92,8.6,4.65,5.23,6.02,5.7,77,Rain,light rain,7.33,0.71,0.8,4.97
4,Le Havre,49.4938975,0.1079732,2024-04-25 11:00:00,5.65,8.99,10.89,9.72,5.65,10.98,3.82,7.22,9.78,6.91,69,Rain,light rain,5.94,0.22,0.23,9.857000000000001
4,Le Havre,49.4938975,0.1079732,2024-04-26 11:00:00,8.33,12.26,12.48,11.18,8.33,13.11,4.88,11.24,11.64,10.39,65,Rain,light rain,7.47,0.2,0.16,12.094
4,Le Havre,49.4938975,0.1079732,2024-04-27 11:00:00,9.8,13.69,11.91,10.47,9.8,13.69,5.98,12.86,11.32,9.71,67,Rain,light rain,9.86,1.0,4.33,8.257
4,Le Havre,49.4938975,0.1079732,2024-04-28 11:00:00,8.94,12.82,11.74,10.26,8.94,12.82,4.68,11.93,11.03,9.53,68,Rain,light rain,10.77,1.0,1.68,7.652
4,Le Havre,49.4938975,0.1079732,2024-04-29 11:00:00,8.33,11.82,11.46,10.32,8.33,12.1,5.23,11.04,10.65,9.47,76,Clouds,scattered clouds,5.8,0.11,0.0,11.549999999999999
5,Rouen,49.4404591,1.0939658,2024-04-22 11:00:00,1.49,10.6,8.9,4.07,1.49,10.6,-2.05,9.02,5.88,1.13,50,Rain,light rain,6.7,1.0,0.67,5.5329999999999995
5,Rouen,49.4404591,1.0939658,2024-04-23 11:00:00,0.01,9.82,8.24,6.87,0.01,10.69,-3.08,7.76,5.19,4.34,52,Rain,light rain,5.49,0.42,0.26,8.564
5,Rouen,49.4404591,1.0939658,2024-04-24 11:00:00,3.07,5.76,8.09,2.49,2.28,8.64,-0.04,2.46,5.59,0.63,87,Rain,light rain,5.5,1.0,0.62,3.5780000000000007
5,Rouen,49.4404591,1.0939658,2024-04-25 11:00:00,0.46,10.2,11.11,5.75,0.46,11.67,0.46,8.79,10.05,3.56,58,Rain,light rain,3.66,0.2,0.15,10.655
5,Rouen,49.4404591,1.0939658,2024-04-26 11:00:00,5.12,13.15,11.49,8.87,3.95,13.15,2.87,12.06,10.65,7.2,59,Clouds,overcast clouds,5.66,0.0,0.0,13.15
5,Rouen,49.4404591,1.0939658,2024-04-27 11:00:00,9.17,11.06,11.43,9.71,8.17,12.52,6.01,10.57,10.95,6.42,90,Rain,light rain,7.81,1.0,8.01,6.718999999999999
5,Rouen,49.4404591,1.0939658,2024-04-28 11:00:00,7.49,14.39,11.39,7.45,7.45,14.39,4.03,13.45,10.73,5.64,60,Rain,light rain,7.56,1.0,1.29,9.261000000000001
5,Rouen,49.4404591,1.0939658,2024-04-29 11:00:00,6.23,15.04,12.79,7.9,4.92,15.04,4.82,14.24,12.16,7.9,63,Rain,light rain,4.6,0.31,0.69,13.420999999999998
6,Paris,48.8534951,2.3483915,2024-04-22 11:00:00,4.08,10.94,10.89,7.24,4.08,12.5,1.44,9.03,9.11,4.67,36,Clouds,broken clouds,5.64,0.0,0.0,12.5
6,Paris,48.8534951,2.3483915,2024-04-23 11:00:00,3.08,9.92,11.08,7.63,3.08,11.84,0.14,8.49,9.31,5.21,34,Clouds,scattered clouds,4.64,0.0,0.0,11.84
6,Paris,48.8534951,2.3483915,2024-04-24 11:00:00,5.88,8.42,9.73,6.81,5.86,9.88,3.34,5.53,7.28,4.97,53,Rain,light rain,5.67,0.21,0.43,8.787
6,Paris,48.8534951,2.3483915,2024-04-25 11:00:00,4.42,11.44,13.07,9.42,3.98,13.59,4.42,9.58,11.37,8.83,36,Clouds,broken clouds,3.77,0.0,0.0,13.59
6,Paris,48.8534951,2.3483915,2024-04-26 11:00:00,6.77,14.77,14.59,12.47,6.77,16.18,4.75,13.29,13.31,11.42,38,Clouds,broken clouds,3.82,0.0,0.0,16.18
6,Paris,48.8534951,2.3483915,2024-04-27 11:00:00,10.78,11.25,10.93,9.86,9.76,12.12,9.74,10.68,10.38,7.38,86,Rain,light rain,5.48,1.0,4.91,6.629
6,Paris,48.8534951,2.3483915,2024-04-28 11:00:00,8.45,16.43,14.02,11.4,8.45,16.43,6.16,15.25,12.97,10.55,43,Rain,light rain,5.4,0.23,0.24,15.256
6,Paris,48.8534951,2.3483915,2024-04-29 11:00:00,8.69,17.18,15.9,12.88,8.37,17.79,8.02,15.92,14.88,12.05,37,Clouds,few clouds,4.29,0.0,0.0,17.79
7,Amiens,49.8941708,2.2956951,2024-04-22 11:00:00,1.16,8.68,8.78,2.36,1.16,10.65,-1.85,6.09,5.6,-0.94,58,Rain,light rain,6.46,0.3,0.57,9.093
7,Amiens,49.8941708,2.2956951,2024-04-23 11:00:00,-0.94,9.15,8.19,5.66,-0.94,10.47,-4.05,6.93,5.07,2.15,49,Rain,light rain,6.59,0.62,0.16,7.354000000000001
7,Amiens,49.8941708,2.2956951,2024-04-24 11:00:00,4.53,6.69,7.45,2.58,2.58,8.33,0.51,2.74,4.03,-0.15,66,Rain,light rain,7.55,0.91,0.91,3.689
7,Amiens,49.8941708,2.2956951,2024-04-25 11:00:00,2.07,10.12,10.64,5.38,0.66,11.59,-0.01,8.52,9.48,2.79,51,Rain,light rain,4.16,0.2,0.13,10.577
7,Amiens,49.8941708,2.2956951,2024-04-26 11:00:00,5.65,12.78,11.68,8.46,4.26,12.97,2.36,11.68,10.73,6.71,60,Clouds,overcast clouds,5.92,0.0,0.0,12.97
7,Amiens,49.8941708,2.2956951,2024-04-27 11:00:00,8.9,10.32,10.92,9.53,7.92,10.92,6.1,9.78,10.39,6.46,91,Rain,light rain,7.85,1.0,3.41,5.579
7,Amiens,49.8941708,2.2956951,2024-04-28 11:00:00,7.7,13.88,11.95,7.94,7.7,14.37,4.54,12.97,11.24,5.97,63,Rain,light rain,7.36,0.35,0.51,12.568999999999999
7,Amiens,49.8941708,2.2956951,2024-04-29 11:00:00,6.82,15.66,11.67,7.08,5.44,15.66,5.62,14.8,10.96,5.57,58,Rain,light rain,4.47,1.0,1.08,10.552
8,Lille,50.6365654,3.0635282,2024-04-22 11:00:00,2.57,9.33,8.94,5.14,2.57,10.07,-0.16,7.23,6.03,1.89,52,Rain,light rain,6.32,0.7,0.47,6.523000000000001
8,Lille,50.6365654,3.0635282,2024-04-23 11:00:00,1.18,9.44,8.1,6.53,1.18,10.86,-1.46,7.96,5.24,3.29,43,Rain,light rain,5.76,1.0,0.24,5.835999999999999
8,Lille,50.6365654,3.0635282,2024-04-24 11:00:00,4.9,7.46,8.23,4.65,4.65,8.84,1.09,3.45,4.77,1.76,65,Rain,light rain,7.99,1.0,2.98,3.542
8,Lille,50.6365654,3.0635282,2024-04-25 11:00:00,4.49,9.9,10.6,7.2,3.89,11.72,1.65,8.29,9.23,5.01,47,Clouds,overcast clouds,4.88,0.0,0.0,11.72
8,Lille,50.6365654,3.0635282,2024-04-26 11:00:00,6.4,13.03,11.71,9.28,5.92,13.4,3.25,11.85,10.63,7.24,56,Rain,light rain,5.94,0.28,0.11,11.989
8,Lille,50.6365654,3.0635282,2024-04-27 11:00:00,9.24,10.87,11.07,10.3,7.65,11.99,6.93,10.02,10.43,9.74,77,Rain,light rain,6.53,0.56,0.3,9.16
8,Lille,50.6365654,3.0635282,2024-04-28 11:00:00,8.83,14.75,13.17,9.64,8.83,16.43,5.9,13.64,12.37,8.11,52,Rain,light rain,6.36,0.25,0.51,15.129
8,Lille,50.6365654,3.0635282,2024-04-29 11:00:00,8.18,16.14,13.97,9.08,7.28,17.33,7.11,15.04,13.15,7.59,47,Clouds,overcast clouds,3.76,0.0,0.0,17.33
9,Strasbourg,48.584614,7.7507127,2024-04-22 11:00:00,0.89,8.52,8.63,3.07,0.89,10.08,-3.6,5.57,6.66,0.61,54,Rain,light rain,5.77,1.0,1.09,4.971
9,Strasbourg,48.584614,7.7507127,2024-04-23 11:00:00,0.31,9.09,9.93,4.48,0.25,10.64,-3.21,6.61,9.45,2.93,49,Clear,clear sky,5.12,0.0,0.0,10.64
9,Strasbourg,48.584614,7.7507127,2024-04-24 11:00:00,2.48,7.25,6.58,4.16,1.83,8.57,0.76,4.59,3.38,1.34,68,Rain,light rain,5.92,1.0,4.88,3.0820000000000003
9,Strasbourg,48.584614,7.7507127,2024-04-25 11:00:00,3.12,7.69,9.23,5.18,3.12,9.77,-0.05,4.9,8.25,5.18,68,Rain,light rain,4.76,0.57,1.21,6.7989999999999995
9,Strasbourg,48.584614,7.7507127,2024-04-26 11:00:00,3.76,13.11,11.7,7.85,2.29,14.61,1.37,11.78,10.54,7.19,50,Clear,clear sky,2.78,0.0,0.0,14.61
9,Strasbourg,48.584614,7.7507127,2024-04-27 11:00:00,7.5,19.4,15.17,12.38,5.61,19.4,7.5,18.52,14.44,11.45,43,Clouds,few clouds,2.89,0.0,0.0,19.4
9,Strasbourg,48.584614,7.7507127,2024-04-28 11:00:00,10.89,11.74,12.76,10.77,10.77,14.96,10.23,11.14,12.13,10.3,83,Rain,light rain,2.49,0.65,1.32,11.578000000000001
9,Strasbourg,48.584614,7.7507127,2024-04-29 11:00:00,9.51,10.8,10.17,9.73,8.74,10.9,9.11,10.42,9.75,8.35,95,Rain,moderate rain,2.74,1.0,7.95,5.105
10,Chateau du Haut Koenigsbourg,48.2495226,7.3454923,2024-04-22 11:00:00,-0.14,4.0,4.68,0.56,-0.3,5.94,-3.11,-0.01,2.11,-2.25,74,Snow,snow,5.2,1.0,0.0,0.9400000000000004
10,Chateau du Haut Koenigsbourg,48.2495226,7.3454923,2024-04-23 11:00:00,-3.76,6.01,6.56,-0.02,-4.18,7.68,-6.99,3.26,5.41,-3.43,54,Clouds,few clouds,3.9,0.0,0.0,7.68
10,Chateau du Haut Koenigsbourg,48.2495226,7.3454923,2024-04-24 11:00:00,-1.0,3.64,3.48,0.74,-1.82,5.2,-3.34,0.85,0.23,-1.72,71,Snow,rain and snow,5.61,1.0,1.56,0.04400000000000015
10,Chateau du Haut Koenigsbourg,48.2495226,7.3454923,2024-04-25 11:00:00,0.28,5.11,6.17,1.26,0.06,7.08,0.28,2.79,4.9,-0.54,68,Snow,light snow,2.8,0.81,0.0,3.0299999999999994
10,Chateau du Haut Koenigsbourg,48.2495226,7.3454923,2024-04-26 11:00:00,1.9,12.29,8.71,4.67,-1.29,12.75,1.9,10.75,8.71,4.67,45,Clouds,few clouds,2.07,0.0,0.0,12.75
10,Chateau du Haut Koenigsbourg,48.2495226,7.3454923,2024-04-27 11:00:00,6.4,15.28,11.18,9.34,3.37,15.74,6.4,13.96,10.08,7.73,42,Clouds,broken clouds,2.98,0.0,0.0,15.74
10,Chateau du Haut Koenigsbourg,48.2495226,7.3454923,2024-04-28 11:00:00,7.87,8.59,9.44,7.96,7.87,12.13,7.87,8.59,9.44,6.87,93,Rain,light rain,1.94,1.0,7.68,6.362000000000001
10,Chateau du Haut Koenigsbourg,48.2495226,7.3454923,2024-04-29 11:00:00,7.85,8.25,7.44,7.21,6.15,8.3,7.85,8.25,7.44,7.21,95,Rain,moderate rain,1.18,1.0,8.64,2.436000000000001
11,Colmar,48.0777517,7.3579641,2024-04-22 11:00:00,1.97,6.83,7.77,3.99,1.97,8.79,-1.05,3.4,5.46,1.32,65,Snow,light snow,5.92,0.99,0.0,3.839999999999999
11,Colmar,48.0777517,7.3579641,2024-04-23 11:00:00,-0.31,9.15,9.3,3.08,-0.51,10.51,-3.41,6.82,8.0,0.47,49,Clouds,scattered clouds,4.7,0.0,0.0,10.51
11,Colmar,48.0777517,7.3579641,2024-04-24 11:00:00,1.34,8.03,6.53,2.89,1.16,9.12,-0.36,6.67,4.41,1.57,56,Rain,light rain,4.9,1.0,2.74,3.845999999999999
11,Colmar,48.0777517,7.3579641,2024-04-25 11:00:00,1.63,9.16,9.38,4.16,1.33,11.14,1.63,8.23,9.38,2.71,55,Rain,light rain,2.03,0.74,0.76,7.364000000000001
11,Colmar,48.0777517,7.3579641,2024-04-26 11:00:00,4.56,14.91,11.36,7.79,1.73,15.83,4.56,13.5,10.35,6.84,40,Clear,clear sky,3.37,0.0,0.0,15.83
11,Colmar,48.0777517,7.3579641,2024-04-27 11:00:00,9.19,17.7,14.08,12.35,6.26,18.48,9.19,16.67,13.19,11.26,44,Clouds,broken clouds,2.66,0.0,0.0,18.48
11,Colmar,48.0777517,7.3579641,2024-04-28 11:00:00,10.25,11.89,11.8,10.25,10.25,14.9,9.79,11.43,11.39,9.86,88,Rain,light rain,2.32,1.0,8.85,9.015
11,Colmar,48.0777517,7.3579641,2024-04-29 11:00:00,10.09,10.49,10.02,9.66,9.12,10.64,9.61,10.1,9.61,9.66,96,Rain,moderate rain,1.02,1.0,7.92,4.848000000000001
12,Eguisheim,48.0447968,7.3079618,2024-04-22 11:00:00,1.53,6.58,7.51,3.95,1.53,8.45,-1.52,3.08,5.06,1.32,63,Snow,light snow,5.94,0.96,0.0,3.6499999999999995
12,Eguisheim,48.0447968,7.3079618,2024-04-23 11:00:00,-0.36,8.97,8.98,2.98,-0.47,10.27,-3.41,6.59,7.5,0.41,47,Clouds,scattered clouds,4.6,0.0,0.0,10.27
12,Eguisheim,48.0447968,7.3079618,2024-04-24 11:00:00,1.0,7.92,6.11,2.33,0.88,9.01,-0.78,6.49,4.0,0.92,55,Rain,light rain,4.62,1.0,2.8,3.73
12,Eguisheim,48.0447968,7.3079618,2024-04-25 11:00:00,1.06,9.09,9.1,3.61,0.78,11.13,-0.32,8.43,9.1,2.01,53,Rain,light rain,1.77,0.76,0.53,7.277000000000001
12,Eguisheim,48.0447968,7.3079618,2024-04-26 11:00:00,4.46,14.56,10.94,7.6,1.47,15.59,4.46,13.09,9.87,6.53,39,Clear,clear sky,3.29,0.0,0.0,15.59
12,Eguisheim,48.0447968,7.3079618,2024-04-27 11:00:00,9.11,17.39,13.76,12.18,6.16,18.14,9.11,16.31,12.84,11.02,43,Clouds,broken clouds,2.61,0.0,0.0,18.14
12,Eguisheim,48.0447968,7.3079618,2024-04-28 11:00:00,9.88,11.7,11.38,9.83,9.83,14.59,9.62,11.22,10.95,8.83,88,Rain,light rain,2.21,1.0,8.91,8.699
12,Eguisheim,48.0447968,7.3079618,2024-04-29 11:00:00,9.77,10.07,9.74,9.37,9.05,10.22,9.77,9.64,9.74,9.37,96,Rain,moderate rain,1.07,1.0,7.83,4.437
13,Besancon,47.2380222,6.0243622,2024-04-22 11:00:00,1.29,7.27,7.84,0.78,-1.08,9.04,-1.08,4.15,5.34,-0.91,66,Rain,light rain,5.34,1.0,1.05,3.934999999999999
13,Besancon,47.2380222,6.0243622,2024-04-23 11:00:00,-0.3,9.94,8.84,2.53,-1.09,10.66,-2.6,7.93,6.39,2.53,46,Clouds,scattered clouds,5.03,0.0,0.0,10.66
13,Besancon,47.2380222,6.0243622,2024-04-24 11:00:00,0.23,3.49,5.45,-0.06,-0.06,6.25,-2.41,0.5,2.87,-2.54,100,Snow,rain and snow,4.46,1.0,2.98,0.952
13,Besancon,47.2380222,6.0243622,2024-04-25 11:00:00,-1.04,8.08,8.46,1.57,-1.51,9.95,-1.04,8.08,7.42,0.13,68,Clouds,overcast clouds,2.59,0.05,0.0,9.7
13,Besancon,47.2380222,6.0243622,2024-04-26 11:00:00,3.3,14.65,10.95,6.64,0.03,14.65,3.3,13.35,10.11,5.36,45,Clear,clear sky,2.66,0.0,0.0,14.65
13,Besancon,47.2380222,6.0243622,2024-04-27 11:00:00,7.57,18.59,12.2,10.45,4.97,18.59,7.57,17.58,11.83,10.11,41,Rain,light rain,3.08,1.0,1.89,13.401
13,Besancon,47.2380222,6.0243622,2024-04-28 11:00:00,8.81,13.47,10.54,8.53,7.87,13.47,8.81,12.78,9.97,8.53,73,Rain,light rain,4.19,1.0,3.69,8.101
13,Besancon,47.2380222,6.0243622,2024-04-29 11:00:00,8.12,9.2,8.82,8.49,7.25,9.2,8.12,8.61,8.82,8.49,99,Rain,moderate rain,2.2,1.0,17.85,2.414999999999999
14,Dijon,47.3215806,5.0414701,2024-04-22 11:00:00,0.16,8.56,7.69,3.3,-0.11,9.75,-4.66,4.94,4.26,0.01,51,Rain,light rain,7.58,0.2,0.1,8.74
14,Dijon,47.3215806,5.0414701,2024-04-23 11:00:00,-0.55,9.58,8.63,2.48,-0.62,10.55,-4.26,6.89,5.63,-0.77,48,Clear,clear sky,6.41,0.0,0.0,10.55
14,Dijon,47.3215806,5.0414701,2024-04-24 11:00:00,0.62,6.81,7.0,1.11,-0.18,7.98,-2.33,3.46,3.62,-1.71,64,Rain,light rain,6.36,0.62,0.5,4.830000000000001
14,Dijon,47.3215806,5.0414701,2024-04-25 11:00:00,-0.81,8.39,9.13,5.95,-1.15,9.58,-0.81,8.39,8.67,5.95,58,Clouds,broken clouds,2.18,0.0,0.0,9.58
14,Dijon,47.3215806,5.0414701,2024-04-26 11:00:00,2.37,12.98,11.32,6.99,0.3,14.17,0.63,11.95,10.65,5.87,62,Rain,light rain,4.7,0.37,0.51,12.269
14,Dijon,47.3215806,5.0414701,2024-04-27 11:00:00,7.61,15.97,11.9,9.89,5.83,15.97,5.53,15.19,11.42,7.72,60,Rain,moderate rain,6.54,1.0,8.49,10.121
14,Dijon,47.3215806,5.0414701,2024-04-28 11:00:00,7.55,12.02,10.0,6.99,6.92,12.02,5.72,11.24,9.21,6.99,75,Rain,moderate rain,3.46,1.0,4.86,6.534
14,Dijon,47.3215806,5.0414701,2024-04-29 11:00:00,8.33,10.69,10.0,8.54,7.65,11.98,7.3,10.19,10.0,7.54,91,Rain,light rain,4.01,1.0,7.26,6.2540000000000004
15,Annecy,45.8992348,6.1288847,2024-04-22 11:00:00,1.44,6.87,6.04,3.91,-1.18,8.92,-1.66,3.82,2.16,0.37,53,Snow,light snow,6.82,0.65,0.0,5.67
15,Annecy,45.8992348,6.1288847,2024-04-23 11:00:00,2.77,7.2,7.37,1.57,1.57,8.89,-0.6,3.91,4.4,-0.34,60,Rain,light rain,6.3,0.72,1.48,5.142000000000001
15,Annecy,45.8992348,6.1288847,2024-04-24 11:00:00,-0.32,8.98,6.58,0.95,-0.32,9.78,-0.32,7.97,5.43,0.95,52,Rain,light rain,2.51,0.76,1.07,5.872999999999999
15,Annecy,45.8992348,6.1288847,2024-04-25 11:00:00,-0.55,11.62,9.86,2.42,-0.98,12.75,-0.55,9.88,9.37,0.74,40,Clouds,few clouds,3.07,0.0,0.0,12.75
15,Annecy,45.8992348,6.1288847,2024-04-26 11:00:00,4.11,15.8,10.75,6.48,0.66,16.36,4.11,14.32,9.97,5.31,34,Rain,light rain,2.44,0.2,0.18,15.341999999999999
15,Annecy,45.8992348,6.1288847,2024-04-27 11:00:00,6.19,20.04,13.44,10.24,3.34,20.04,6.19,19.01,12.75,9.25,35,Clouds,overcast clouds,1.96,0.0,0.0,20.04
15,Annecy,45.8992348,6.1288847,2024-04-28 11:00:00,8.92,16.27,10.15,9.11,7.83,16.27,8.92,15.49,9.75,9.11,59,Rain,moderate rain,1.98,1.0,10.56,10.213999999999999
15,Annecy,45.8992348,6.1288847,2024-04-29 11:00:00,8.25,7.81,7.88,7.77,7.77,8.38,8.25,7.81,7.88,7.77,97,Rain,moderate rain,1.24,1.0,18.45,1.5350000000000008
16,Grenoble,45.1875602,5.7357819,2024-04-22 11:00:00,2.28,6.13,6.26,4.09,0.85,6.26,-0.44,3.76,4.48,2.52,73,Snow,rain and snow,3.15,1.0,3.47,0.9129999999999998
16,Grenoble,45.1875602,5.7357819,2024-04-23 11:00:00,1.83,6.25,7.66,4.87,1.8,8.46,0.47,4.6,5.83,3.09,91,Snow,rain and snow,3.46,1.0,2.89,3.1710000000000007
16,Grenoble,45.1875602,5.7357819,2024-04-24 11:00:00,2.7,8.78,5.97,1.81,1.52,8.78,0.48,6.87,4.16,0.31,71,Snow,rain and snow,3.29,1.0,1.11,3.668999999999999
16,Grenoble,45.1875602,5.7357819,2024-04-25 11:00:00,-0.29,10.78,10.01,3.3,-0.48,11.53,-0.29,9.51,8.87,3.3,61,Clouds,few clouds,2.61,0.0,0.0,11.53
16,Grenoble,45.1875602,5.7357819,2024-04-26 11:00:00,6.06,16.51,11.76,8.3,2.33,17.14,6.06,15.44,11.16,7.13,47,Rain,light rain,2.97,0.35,0.56,15.334000000000001
16,Grenoble,45.1875602,5.7357819,2024-04-27 11:00:00,9.3,19.99,14.01,12.08,6.54,19.99,8.63,19.01,13.56,11.67,37,Rain,light rain,3.88,0.33,0.63,18.277
16,Grenoble,45.1875602,5.7357819,2024-04-28 11:00:00,11.1,17.05,11.87,10.9,9.83,17.05,10.67,16.46,11.65,10.63,63,Rain,light rain,2.51,1.0,7.92,11.258000000000001
16,Grenoble,45.1875602,5.7357819,2024-04-29 11:00:00,8.39,9.19,9.49,9.37,8.02,10.53,8.39,9.19,9.12,8.9,96,Rain,moderate rain,1.53,1.0,21.42,3.387999999999999
17,Lyon,45.7578137,4.8320114,2024-04-22 11:00:00,2.56,6.02,8.99,6.0,2.32,9.89,-1.88,1.61,5.62,2.45,63,Clouds,overcast clouds,8.38,0.31,0.0,8.34
17,Lyon,45.7578137,4.8320114,2024-04-23 11:00:00,1.56,10.49,10.68,6.06,1.56,11.67,-1.84,8.72,9.03,2.85,43,Clouds,broken clouds,8.03,0.0,0.0,11.67
17,Lyon,45.7578137,4.8320114,2024-04-24 11:00:00,2.57,5.9,8.31,4.28,2.33,8.69,1.06,2.98,6.12,3.31,81,Rain,light rain,4.72,0.59,0.34,5.706
17,Lyon,45.7578137,4.8320114,2024-04-25 11:00:00,3.37,6.67,10.88,5.84,3.18,11.84,3.37,4.79,9.3,5.84,78,Rain,light rain,3.05,0.7,1.08,8.232
17,Lyon,45.7578137,4.8320114,2024-04-26 11:00:00,4.5,14.63,13.7,11.02,3.25,17.13,3.46,13.48,12.77,10.08,51,Clouds,scattered clouds,5.89,0.0,0.0,17.13
17,Lyon,45.7578137,4.8320114,2024-04-27 11:00:00,8.8,17.41,14.12,13.39,8.8,17.55,6.94,16.38,13.23,12.51,45,Clouds,overcast clouds,9.07,0.0,0.0,17.55
17,Lyon,45.7578137,4.8320114,2024-04-28 11:00:00,8.37,9.1,10.02,9.19,8.37,10.02,7.52,8.43,9.58,9.19,92,Rain,moderate rain,2.17,1.0,28.95,2.1249999999999996
17,Lyon,45.7578137,4.8320114,2024-04-29 11:00:00,9.06,9.46,9.21,9.03,8.98,9.7,8.13,9.46,8.66,8.22,94,Rain,moderate rain,2.34,1.0,20.7,2.6299999999999994
18,Gorges du Verdon,43.7496562,6.3285616,2024-04-22 11:00:00,0.16,4.78,2.6,1.53,0.16,8.05,-3.05,4.78,0.77,1.53,80,Snow,rain and snow,3.21,1.0,8.53,2.197000000000001
18,Gorges du Verdon,43.7496562,6.3285616,2024-04-23 11:00:00,-3.76,6.61,2.66,-1.45,-3.93,6.61,-6.88,6.61,1.31,-3.97,72,Rain,light rain,2.74,1.0,4.29,1.1810000000000003
18,Gorges du Verdon,43.7496562,6.3285616,2024-04-24 11:00:00,-3.41,7.15,6.15,-0.93,-3.41,9.02,-7.43,4.72,2.69,-4.96,60,Clouds,few clouds,5.24,0.0,0.0,9.02
18,Gorges du Verdon,43.7496562,6.3285616,2024-04-25 11:00:00,-2.52,9.0,8.69,2.1,-2.68,10.99,-5.98,7.54,6.7,2.1,38,Clear,clear sky,3.86,0.0,0.0,10.99
18,Gorges du Verdon,43.7496562,6.3285616,2024-04-26 11:00:00,4.03,8.8,6.1,3.23,1.03,9.43,4.03,6.64,4.2,0.79,70,Rain,light rain,4.06,1.0,1.1,4.319999999999999
18,Gorges du Verdon,43.7496562,6.3285616,2024-04-27 11:00:00,5.1,9.56,7.09,6.38,2.67,10.68,2.55,6.62,4.44,4.27,66,Rain,light rain,6.19,0.85,0.93,6.337
18,Gorges du Verdon,43.7496562,6.3285616,2024-04-28 11:00:00,6.07,10.24,7.59,6.71,5.98,11.2,4.96,9.36,6.38,6.71,78,Rain,moderate rain,3.31,1.0,12.33,4.966999999999999
18,Gorges du Verdon,43.7496562,6.3285616,2024-04-29 11:00:00,6.22,10.14,8.62,6.95,5.82,10.63,6.22,9.22,8.15,6.95,77,Rain,moderate rain,2.56,1.0,21.0,3.5300000000000007
19,Bormes les Mimosas,43.1506968,6.3419285,2024-04-22 11:00:00,6.97,8.97,12.74,7.73,6.94,14.07,4.59,6.81,10.96,5.9,71,Rain,light rain,7.05,0.86,4.54,9.315999999999999
19,Bormes les Mimosas,43.1506968,6.3419285,2024-04-23 11:00:00,5.24,12.4,9.16,7.15,5.1,12.4,5.24,10.87,9.16,7.15,45,Rain,light rain,5.6,0.87,1.14,7.936000000000001
19,Bormes les Mimosas,43.1506968,6.3419285,2024-04-24 11:00:00,5.36,14.45,13.45,9.05,5.24,15.94,1.96,12.81,11.84,4.74,33,Clear,clear sky,11.14,0.0,0.0,15.94
19,Bormes les Mimosas,43.1506968,6.3419285,2024-04-25 11:00:00,5.91,15.42,14.71,9.74,5.91,16.38,2.22,13.83,13.33,8.08,31,Clouds,broken clouds,10.38,0.0,0.0,16.38
19,Bormes les Mimosas,43.1506968,6.3419285,2024-04-26 11:00:00,9.74,13.26,12.08,11.67,7.99,13.7,8.18,12.47,11.33,10.88,70,Rain,light rain,6.89,0.9,1.63,9.036999999999999
19,Bormes les Mimosas,43.1506968,6.3419285,2024-04-27 11:00:00,12.49,14.52,11.99,12.1,11.98,14.52,11.75,13.8,11.54,11.69,68,Rain,light rain,10.5,1.0,0.9,9.43
19,Bormes les Mimosas,43.1506968,6.3419285,2024-04-28 11:00:00,12.08,13.14,12.34,11.71,11.71,13.44,11.72,12.83,12.01,11.34,89,Rain,moderate rain,6.65,1.0,15.87,6.853
19,Bormes les Mimosas,43.1506968,6.3419285,2024-04-29 11:00:00,11.68,15.21,13.17,11.42,11.18,15.22,11.23,14.61,12.53,10.84,70,Rain,moderate rain,3.1,1.0,11.7,9.05
20,Cassis,43.2140359,5.5396318,2024-04-22 11:00:00,6.88,10.65,10.98,8.91,6.52,11.84,2.92,8.89,9.44,4.83,43,Clouds,few clouds,14.68,0.16,0.0,11.04
20,Cassis,43.2140359,5.5396318,2024-04-23 11:00:00,6.04,11.02,13.14,10.36,6.0,13.81,1.41,9.33,11.71,8.76,44,Clouds,broken clouds,12.25,0.0,0.0,13.81
20,Cassis,43.2140359,5.5396318,2024-04-24 11:00:00,7.21,12.45,12.86,10.25,7.21,13.96,1.7,10.9,11.35,8.56,44,Clouds,few clouds,15.93,0.0,0.0,13.96
20,Cassis,43.2140359,5.5396318,2024-04-25 11:00:00,8.13,13.3,13.72,12.39,8.0,14.86,3.61,11.81,12.71,11.72,43,Clouds,scattered clouds,14.38,0.0,0.0,14.86
20,Cassis,43.2140359,5.5396318,2024-04-26 11:00:00,11.57,14.54,13.72,12.52,11.42,14.54,10.77,13.77,12.95,11.63,66,Rain,light rain,7.43,0.54,1.03,11.737
20,Cassis,43.2140359,5.5396318,2024-04-27 11:00:00,12.77,14.77,13.17,13.04,12.16,15.08,11.9,14.08,12.68,12.62,68,Rain,light rain,13.01,0.79,0.93,11.036999999999999
20,Cassis,43.2140359,5.5396318,2024-04-28 11:00:00,12.79,16.82,14.48,12.7,12.53,16.82,12.45,16.2,13.97,12.32,63,Rain,moderate rain,8.68,1.0,7.2,11.1
20,Cassis,43.2140359,5.5396318,2024-04-29 11:00:00,12.67,15.1,15.13,13.57,12.25,15.96,12.19,14.55,14.42,12.97,72,Rain,moderate rain,6.69,1.0,9.81,9.979000000000001
21,Marseille,43.2961743,5.3699525,2024-04-22 11:00:00,6.95,10.83,11.6,9.26,6.95,12.0,2.46,9.12,10.15,4.87,44,Clear,clear sky,15.3,0.0,0.0,12.0
21,Marseille,43.2961743,5.3699525,2024-04-23 11:00:00,7.23,11.61,13.68,11.4,7.0,14.51,2.31,9.98,12.3,9.88,44,Clouds,broken clouds,14.28,0.0,0.0,14.51
21,Marseille,43.2961743,5.3699525,2024-04-24 11:00:00,8.34,13.09,13.72,11.12,8.29,14.7,2.93,11.6,12.3,9.54,44,Clear,clear sky,16.17,0.0,0.0,14.7
21,Marseille,43.2961743,5.3699525,2024-04-25 11:00:00,9.15,13.98,14.98,14.02,9.12,15.59,4.85,12.56,14.0,13.49,43,Clouds,scattered clouds,14.24,0.0,0.0,15.59
21,Marseille,43.2961743,5.3699525,2024-04-26 11:00:00,12.38,15.12,14.68,14.25,12.38,15.12,11.66,14.44,14.01,13.45,67,Rain,light rain,8.17,0.33,0.57,13.412999999999998
21,Marseille,43.2961743,5.3699525,2024-04-27 11:00:00,13.92,15.91,14.26,14.18,13.49,16.13,13.06,15.28,13.83,13.82,66,Rain,light rain,13.12,0.32,0.36,14.494
21,Marseille,43.2961743,5.3699525,2024-04-28 11:00:00,13.69,17.3,15.58,13.55,13.5,17.3,13.41,16.78,15.15,13.28,65,Rain,light rain,9.42,1.0,7.05,11.595
21,Marseille,43.2961743,5.3699525,2024-04-29 11:00:00,13.12,15.42,15.12,13.88,13.12,16.56,12.73,14.82,14.44,13.28,69,Rain,moderate rain,7.24,1.0,8.73,10.687
22,Aix en Provence,43.5298424,5.4474738,2024-04-22 11:00:00,4.58,11.75,10.14,6.99,4.58,12.4,1.56,9.76,8.46,4.73,30,Clear,clear sky,10.65,0.15,0.0,11.65
22,Aix en Provence,43.5298424,5.4474738,2024-04-23 11:00:00,4.0,12.12,12.86,8.95,4.0,14.66,1.1,10.33,11.22,5.4,36,Clouds,broken clouds,8.59,0.12,0.0,14.06
22,Aix en Provence,43.5298424,5.4474738,2024-04-24 11:00:00,5.13,12.87,11.65,8.55,5.13,13.88,0.7,11.1,9.84,4.25,34,Clear,clear sky,12.76,0.0,0.0,13.88
22,Aix en Provence,43.5298424,5.4474738,2024-04-25 11:00:00,5.09,13.67,15.49,11.62,5.09,15.95,1.62,12.06,13.93,10.82,37,Clouds,few clouds,9.48,0.0,0.0,15.95
22,Aix en Provence,43.5298424,5.4474738,2024-04-26 11:00:00,8.85,17.36,14.33,11.57,8.63,17.36,7.26,16.27,13.36,10.58,43,Rain,light rain,5.73,0.72,0.77,13.683
22,Aix en Provence,43.5298424,5.4474738,2024-04-27 11:00:00,11.8,15.11,12.94,12.3,10.83,16.03,10.65,14.24,12.25,11.75,60,Rain,light rain,9.99,0.31,0.18,14.462
22,Aix en Provence,43.5298424,5.4474738,2024-04-28 11:00:00,12.08,18.14,14.19,12.24,11.68,18.14,11.54,17.47,13.75,11.9,56,Rain,moderate rain,5.82,1.0,11.67,11.973
22,Aix en Provence,43.5298424,5.4474738,2024-04-29 11:00:00,11.56,16.4,14.06,11.96,11.56,16.53,11.12,15.66,13.35,11.38,60,Rain,moderate rain,3.81,1.0,13.35,10.195
23,Avignon,43.9492493,4.8059012,2024-04-22 11:00:00,4.27,10.27,10.88,8.32,4.27,12.3,-2.02,8.48,9.36,3.9,43,Clear,clear sky,13.68,0.0,0.0,12.3
23,Avignon,43.9492493,4.8059012,2024-04-23 11:00:00,5.39,12.21,12.47,9.87,5.39,14.2,0.42,10.53,10.92,5.86,40,Clouds,overcast clouds,12.93,0.0,0.0,14.2
23,Avignon,43.9492493,4.8059012,2024-04-24 11:00:00,6.76,13.7,12.19,8.11,6.76,14.56,2.16,12.14,10.61,4.17,39,Clouds,few clouds,11.77,0.0,0.0,14.56
23,Avignon,43.9492493,4.8059012,2024-04-25 11:00:00,4.66,15.06,14.92,9.09,4.66,16.68,1.8,13.67,13.59,7.72,40,Clear,clear sky,7.66,0.0,0.0,16.68
23,Avignon,43.9492493,4.8059012,2024-04-26 11:00:00,7.41,18.55,14.45,11.95,5.9,18.55,6.53,17.58,13.49,11.13,43,Clouds,broken clouds,8.0,0.13,0.0,17.900000000000002
23,Avignon,43.9492493,4.8059012,2024-04-27 11:00:00,12.89,17.67,14.41,13.29,11.67,17.67,11.59,16.85,13.71,12.69,52,Rain,light rain,10.85,0.85,1.55,13.265000000000002
23,Avignon,43.9492493,4.8059012,2024-04-28 11:00:00,12.79,18.4,14.41,12.66,12.56,18.67,12.34,17.81,14.02,12.38,58,Rain,moderate rain,7.43,1.0,17.37,11.933000000000002
23,Avignon,43.9492493,4.8059012,2024-04-29 11:00:00,10.04,11.74,11.48,11.05,10.04,12.82,9.42,11.08,10.62,10.17,81,Rain,moderate rain,10.9,1.0,13.05,6.515000000000001
24,Uzes,44.0121279,4.4196718,2024-04-22 11:00:00,4.27,11.69,10.96,7.71,4.27,12.53,-0.47,9.78,9.31,3.82,33,Clear,clear sky,11.28,0.0,0.0,12.53
24,Uzes,44.0121279,4.4196718,2024-04-23 11:00:00,4.92,12.28,12.82,7.19,4.89,13.95,0.84,10.45,11.2,3.72,34,Clouds,overcast clouds,10.87,0.0,0.0,13.95
24,Uzes,44.0121279,4.4196718,2024-04-24 11:00:00,3.95,14.0,13.5,6.41,3.69,15.4,0.08,12.4,11.98,3.36,36,Clouds,broken clouds,9.43,0.0,0.0,15.4
24,Uzes,44.0121279,4.4196718,2024-04-25 11:00:00,3.36,15.79,13.64,7.73,3.36,17.35,0.69,14.31,12.29,5.32,34,Clear,clear sky,6.49,0.0,0.0,17.35
24,Uzes,44.0121279,4.4196718,2024-04-26 11:00:00,7.29,17.56,13.17,11.45,5.01,17.56,6.28,16.62,12.24,10.64,48,Rain,light rain,8.16,0.98,0.82,12.577999999999998
24,Uzes,44.0121279,4.4196718,2024-04-27 11:00:00,11.18,15.91,13.43,12.04,9.04,15.91,10.05,15.25,12.87,11.55,65,Rain,light rain,11.97,1.0,4.68,10.442
24,Uzes,44.0121279,4.4196718,2024-04-28 11:00:00,11.73,15.98,13.67,11.6,10.79,17.33,11.33,15.49,13.23,11.32,71,Rain,moderate rain,7.24,1.0,27.93,9.536999999999999
24,Uzes,44.0121279,4.4196718,2024-04-29 11:00:00,9.33,12.54,11.27,10.43,9.29,12.86,7.02,11.86,10.44,9.59,77,Rain,moderate rain,8.77,1.0,13.8,6.4799999999999995
25,Nimes,43.8374249,4.3600687,2024-04-22 11:00:00,5.53,12.67,12.52,8.29,5.53,14.03,1.31,10.75,10.82,4.64,29,Clear,clear sky,10.27,0.0,0.0,14.03
25,Nimes,43.8374249,4.3600687,2024-04-23 11:00:00,6.41,13.13,13.94,8.87,6.41,15.09,2.32,11.28,12.25,5.72,30,Clouds,overcast clouds,9.71,0.0,0.0,15.09
25,Nimes,43.8374249,4.3600687,2024-04-24 11:00:00,5.77,15.12,15.31,8.44,5.77,16.6,2.19,13.5,13.84,6.1,31,Clouds,scattered clouds,9.44,0.0,0.0,16.6
25,Nimes,43.8374249,4.3600687,2024-04-25 11:00:00,5.14,16.77,15.06,9.7,5.14,19.02,2.73,15.31,13.69,7.7,31,Clear,clear sky,6.15,0.0,0.0,19.02
25,Nimes,43.8374249,4.3600687,2024-04-26 11:00:00,8.25,18.57,13.83,13.03,6.65,18.57,6.74,17.63,12.97,12.24,44,Rain,light rain,7.78,0.35,0.44,16.776
25,Nimes,43.8374249,4.3600687,2024-04-27 11:00:00,12.31,16.63,14.27,12.8,10.19,16.63,11.19,16.02,13.71,12.33,64,Rain,light rain,12.14,1.0,4.07,11.222999999999999
25,Nimes,43.8374249,4.3600687,2024-04-28 11:00:00,12.51,18.18,14.65,12.87,11.85,18.9,12.17,17.65,14.18,12.56,61,Rain,moderate rain,8.14,1.0,25.86,11.313999999999998
25,Nimes,43.8374249,4.3600687,2024-04-29 11:00:00,10.06,13.85,12.43,11.17,10.06,14.66,9.45,13.09,11.56,10.27,69,Rain,moderate rain,8.58,1.0,6.96,8.964
26,Aigues Mortes,43.5661521,4.19154,2024-04-22 11:00:00,7.72,12.92,13.4,9.88,7.72,14.33,3.52,11.1,11.81,6.04,32,Clear,clear sky,10.76,0.0,0.0,14.33
26,Aigues Mortes,43.5661521,4.19154,2024-04-23 11:00:00,8.12,12.88,14.65,10.87,7.92,14.87,4.05,11.11,13.14,9.24,34,Clouds,broken clouds,10.36,0.0,0.0,14.87
26,Aigues Mortes,43.5661521,4.19154,2024-04-24 11:00:00,8.34,15.27,15.28,10.85,8.25,16.88,4.37,13.82,13.96,9.4,37,Clouds,scattered clouds,10.66,0.0,0.0,16.88
26,Aigues Mortes,43.5661521,4.19154,2024-04-25 11:00:00,7.15,14.2,17.25,10.96,7.15,17.82,5.49,12.77,16.13,9.44,42,Clouds,few clouds,5.75,0.0,0.0,17.82
26,Aigues Mortes,43.5661521,4.19154,2024-04-26 11:00:00,9.45,15.29,13.94,13.95,8.79,15.29,7.21,14.49,13.45,13.44,62,Rain,light rain,8.47,0.2,0.12,14.277999999999999
26,Aigues Mortes,43.5661521,4.19154,2024-04-27 11:00:00,13.99,14.84,14.53,14.24,13.59,15.1,13.32,14.44,14.18,13.91,79,Rain,light rain,15.29,1.0,3.43,9.757
26,Aigues Mortes,43.5661521,4.19154,2024-04-28 11:00:00,13.52,15.91,14.99,13.99,13.45,15.94,13.17,15.49,14.61,13.56,74,Rain,moderate rain,8.03,1.0,16.5,9.29
26,Aigues Mortes,43.5661521,4.19154,2024-04-29 11:00:00,11.28,14.59,13.79,12.0,11.13,15.99,10.63,13.83,13.0,11.21,66,Rain,light rain,7.73,1.0,3.66,10.624
27,Saintes Maries de la mer,43.4515922,4.4277202,2024-04-22 11:00:00,7.9,12.37,12.97,9.07,7.81,13.92,3.36,10.6,11.47,4.58,36,Clear,clear sky,12.04,0.0,0.0,13.92
27,Saintes Maries de la mer,43.4515922,4.4277202,2024-04-23 11:00:00,8.44,12.38,14.68,11.04,8.31,14.72,3.93,10.67,13.25,9.53,38,Clouds,overcast clouds,11.86,0.0,0.0,14.72
27,Saintes Maries de la mer,43.4515922,4.4277202,2024-04-24 11:00:00,7.78,14.38,15.26,10.12,7.78,15.82,3.28,12.97,14.04,8.73,42,Clouds,few clouds,11.09,0.0,0.0,15.82
27,Saintes Maries de la mer,43.4515922,4.4277202,2024-04-25 11:00:00,8.09,13.96,15.19,11.58,8.09,15.65,5.52,12.56,14.41,10.33,44,Clouds,scattered clouds,7.5,0.0,0.0,15.65
27,Saintes Maries de la mer,43.4515922,4.4277202,2024-04-26 11:00:00,9.55,14.58,13.98,13.94,9.08,14.58,7.11,13.63,13.52,13.45,59,Clouds,broken clouds,9.03,0.0,0.0,14.58
27,Saintes Maries de la mer,43.4515922,4.4277202,2024-04-27 11:00:00,13.98,14.76,14.38,14.33,13.8,14.76,13.31,14.3,14.04,14.01,77,Rain,light rain,15.98,0.79,1.3,10.679999999999998
27,Saintes Maries de la mer,43.4515922,4.4277202,2024-04-28 11:00:00,14.07,15.64,14.7,14.34,14.07,15.64,13.7,15.27,14.39,13.97,77,Rain,moderate rain,9.36,1.0,14.34,9.206
27,Saintes Maries de la mer,43.4515922,4.4277202,2024-04-29 11:00:00,10.85,13.8,13.79,12.55,10.85,15.64,10.21,13.09,13.03,11.74,71,Rain,light rain,10.66,1.0,3.33,10.307
28,Collioure,42.52505,3.0831554,2024-04-22 11:00:00,8.36,14.78,13.82,11.32,8.36,15.48,3.86,12.99,12.22,9.66,26,Clear,clear sky,13.59,0.0,0.0,15.48
28,Collioure,42.52505,3.0831554,2024-04-23 11:00:00,7.4,13.27,12.73,10.37,7.4,14.6,2.9,11.54,11.18,8.77,34,Clear,clear sky,11.47,0.0,0.0,14.6
28,Collioure,42.52505,3.0831554,2024-04-24 11:00:00,9.02,15.87,15.3,10.07,8.88,18.3,4.83,14.45,14.11,9.09,36,Clear,clear sky,12.71,0.0,0.0,18.3
28,Collioure,42.52505,3.0831554,2024-04-25 11:00:00,9.5,15.56,16.37,11.45,8.83,16.57,8.08,14.42,15.39,10.69,48,Clouds,scattered clouds,3.8,0.0,0.0,16.57
28,Collioure,42.52505,3.0831554,2024-04-26 11:00:00,11.74,15.22,15.3,12.46,11.37,15.94,10.88,14.57,14.69,12.16,68,Rain,light rain,6.48,0.24,0.17,14.723
28,Collioure,42.52505,3.0831554,2024-04-27 11:00:00,12.19,16.68,16.02,12.5,12.19,17.7,11.84,16.39,15.66,12.05,76,Rain,light rain,7.18,0.96,3.57,12.543
28,Collioure,42.52505,3.0831554,2024-04-28 11:00:00,11.68,16.96,11.55,11.72,10.53,16.96,10.84,16.23,11.19,11.01,58,Rain,moderate rain,6.59,1.0,12.96,10.664000000000001
28,Collioure,42.52505,3.0831554,2024-04-29 11:00:00,12.01,17.33,15.84,14.2,10.86,17.9,11.09,16.24,14.81,13.06,43,Clouds,overcast clouds,8.91,0.8,0.0,13.899999999999999
29,Carcassonne,43.2130358,2.3491069,2024-04-22 11:00:00,2.97,11.56,11.67,8.11,2.97,12.87,-1.08,9.71,10.04,4.6,36,Rain,light rain,9.66,0.36,0.11,11.059000000000001
29,Carcassonne,43.2130358,2.3491069,2024-04-23 11:00:00,3.28,11.07,11.12,6.67,3.05,12.06,-0.92,9.41,9.62,2.76,45,Rain,light rain,8.39,0.74,1.05,8.254999999999999
29,Carcassonne,43.2130358,2.3491069,2024-04-24 11:00:00,4.25,10.15,12.01,8.64,4.11,12.98,-0.62,8.81,10.89,6.03,61,Clouds,broken clouds,10.95,0.0,0.0,12.98
29,Carcassonne,43.2130358,2.3491069,2024-04-25 11:00:00,7.0,15.03,15.88,9.69,7.0,16.66,4.43,13.89,14.8,8.63,50,Clouds,broken clouds,5.36,0.04,0.0,16.46
29,Carcassonne,43.2130358,2.3491069,2024-04-26 11:00:00,10.02,17.03,14.59,11.58,9.03,17.03,9.32,16.04,13.91,11.04,48,Clouds,overcast clouds,8.69,0.14,0.0,16.330000000000002
29,Carcassonne,43.2130358,2.3491069,2024-04-27 11:00:00,12.17,19.24,13.39,10.32,10.32,19.24,11.64,18.6,12.9,9.68,53,Rain,moderate rain,9.35,1.0,5.1,13.729999999999999
29,Carcassonne,43.2130358,2.3491069,2024-04-28 11:00:00,9.49,15.98,10.35,9.55,8.66,15.98,8.35,15.15,9.87,7.64,58,Rain,moderate rain,5.51,1.0,5.22,10.458
29,Carcassonne,43.2130358,2.3491069,2024-04-29 11:00:00,8.85,16.06,13.96,10.79,8.49,16.49,5.99,15.0,12.98,9.86,49,Clouds,overcast clouds,6.84,0.58,0.0,13.589999999999998
30,Ariege,42.8458016,1.6067586,2024-04-22 11:00:00,2.0,8.52,6.29,3.06,2.0,9.28,0.19,6.14,3.97,0.97,41,Snow,rain and snow,4.62,1.0,1.09,4.170999999999999
30,Ariege,42.8458016,1.6067586,2024-04-23 11:00:00,1.77,5.07,4.67,2.04,1.77,5.5,-0.51,2.47,2.47,0.43,85,Snow,rain and snow,3.17,1.0,3.26,0.174
30,Ariege,42.8458016,1.6067586,2024-04-24 11:00:00,1.5,8.65,8.13,5.48,1.5,9.14,-0.79,6.36,7.29,4.09,76,Snow,light snow,3.98,1.0,0.0,4.140000000000001
30,Ariege,42.8458016,1.6067586,2024-04-25 11:00:00,6.69,9.01,9.58,8.59,5.42,12.05,6.69,9.01,9.58,8.59,89,Rain,light rain,3.18,1.0,2.53,6.797000000000001
30,Ariege,42.8458016,1.6067586,2024-04-26 11:00:00,7.79,14.75,11.45,8.54,6.94,15.61,6.98,14.08,10.87,6.31,69,Rain,light rain,3.79,1.0,2.19,10.391
30,Ariege,42.8458016,1.6067586,2024-04-27 11:00:00,9.56,15.47,10.97,7.68,7.68,15.81,7.87,14.67,10.37,7.12,61,Rain,light rain,3.82,0.93,2.75,10.885
30,Ariege,42.8458016,1.6067586,2024-04-28 11:00:00,7.78,11.33,7.73,7.29,6.77,11.8,7.78,10.76,7.73,7.29,86,Rain,moderate rain,2.02,1.0,12.36,5.564000000000001
30,Ariege,42.8458016,1.6067586,2024-04-29 11:00:00,6.7,10.93,8.56,6.94,6.7,10.93,5.93,10.04,8.56,6.94,75,Rain,light rain,2.65,1.0,7.65,5.164999999999999
31,Toulouse,43.6044622,1.4442469,2024-04-22 11:00:00,2.02,10.99,11.71,8.01,2.02,12.62,-1.33,9.22,10.09,5.04,41,Clear,clear sky,6.66,0.0,0.0,12.62
31,Toulouse,43.6044622,1.4442469,2024-04-23 11:00:00,2.11,10.36,11.67,5.48,1.97,12.02,-1.47,8.81,10.07,2.54,52,Rain,light rain,6.0,1.0,1.34,6.885999999999999
31,Toulouse,43.6044622,1.4442469,2024-04-24 11:00:00,2.59,10.77,10.11,8.38,2.56,11.86,-1.41,9.5,9.19,5.8,61,Rain,light rain,7.12,0.2,0.12,10.847999999999999
31,Toulouse,43.6044622,1.4442469,2024-04-25 11:00:00,4.31,14.22,13.99,8.89,4.31,15.03,2.81,13.13,13.22,7.74,55,Rain,light rain,5.08,0.99,1.34,9.945999999999998
31,Toulouse,43.6044622,1.4442469,2024-04-26 11:00:00,7.27,17.57,14.32,12.44,7.17,17.67,7.27,16.74,13.64,11.72,52,Clouds,broken clouds,7.96,0.0,0.0,17.67
31,Toulouse,43.6044622,1.4442469,2024-04-27 11:00:00,12.27,18.44,12.35,10.59,10.59,18.44,11.59,17.83,11.86,9.98,57,Rain,moderate rain,8.32,1.0,8.74,12.566
31,Toulouse,43.6044622,1.4442469,2024-04-28 11:00:00,9.22,13.93,10.31,8.41,8.41,13.93,9.22,13.0,9.75,6.3,62,Rain,light rain,4.53,1.0,4.53,8.477
31,Toulouse,43.6044622,1.4442469,2024-04-29 11:00:00,7.16,15.95,13.1,11.01,7.16,15.95,5.09,14.85,12.22,10.12,48,Rain,light rain,4.83,0.25,0.51,14.649
32,Montauban,44.0175835,1.3549991,2024-04-22 11:00:00,0.91,10.8,11.59,7.59,0.91,12.73,-1.89,9.14,10.14,5.22,46,Clear,clear sky,6.96,0.0,0.0,12.73
32,Montauban,44.0175835,1.3549991,2024-04-23 11:00:00,0.8,10.56,11.5,4.74,0.8,12.36,-2.08,9.06,10.12,1.75,53,Rain,light rain,6.36,0.91,0.73,7.736999999999999
32,Montauban,44.0175835,1.3549991,2024-04-24 11:00:00,1.44,10.41,8.59,8.29,1.44,12.86,-1.8,9.26,6.54,6.84,67,Rain,light rain,6.49,0.61,0.88,9.722
32,Montauban,44.0175835,1.3549991,2024-04-25 11:00:00,4.01,13.98,14.33,8.65,4.01,15.2,2.94,12.95,13.54,7.11,58,Rain,light rain,3.51,1.0,0.69,10.130999999999998
32,Montauban,44.0175835,1.3549991,2024-04-26 11:00:00,7.23,16.8,14.06,11.72,7.23,17.42,7.23,16.02,13.45,10.98,57,Clouds,scattered clouds,6.49,0.0,0.0,17.42
32,Montauban,44.0175835,1.3549991,2024-04-27 11:00:00,12.63,17.39,12.97,10.64,10.64,17.39,11.93,16.86,12.39,10.08,64,Rain,light rain,9.02,1.0,6.25,11.765
32,Montauban,44.0175835,1.3549991,2024-04-28 11:00:00,9.11,14.87,11.55,9.05,9.05,14.87,8.52,13.93,10.85,7.58,58,Rain,light rain,4.29,1.0,2.67,9.603
32,Montauban,44.0175835,1.3549991,2024-04-29 11:00:00,7.03,15.85,13.18,11.0,7.03,15.85,5.7,14.87,12.36,10.14,53,Rain,light rain,4.5,0.25,0.42,14.558
33,Biarritz,43.4832523,-1.5592776,2024-04-22 12:00:00,5.48,11.69,10.79,11.07,5.42,11.69,2.71,10.14,9.54,9.8,47,Rain,light rain,8.02,0.6,0.36,8.654
33,Biarritz,43.4832523,-1.5592776,2024-04-23 12:00:00,7.54,8.55,10.45,9.43,6.37,11.29,6.45,6.66,9.04,7.07,78,Rain,moderate rain,5.94,1.0,5.0,5.789999999999999
33,Biarritz,43.4832523,-1.5592776,2024-04-24 12:00:00,10.21,12.26,12.14,11.5,8.79,12.85,9.24,11.42,11.42,10.79,72,Rain,light rain,5.85,1.0,2.66,7.584
33,Biarritz,43.4832523,-1.5592776,2024-04-25 12:00:00,11.06,12.93,12.37,11.44,10.98,13.19,10.47,12.32,11.8,10.68,78,Rain,light rain,6.27,1.0,5.95,7.595
33,Biarritz,43.4832523,-1.5592776,2024-04-26 12:00:00,9.63,14.94,15.49,13.04,9.58,16.35,8.91,14.19,14.9,12.49,65,Rain,light rain,4.44,0.2,0.1,15.340000000000002
33,Biarritz,43.4832523,-1.5592776,2024-04-27 12:00:00,12.07,13.89,11.94,10.71,10.71,16.06,11.53,13.08,11.23,9.82,67,Rain,light rain,7.96,1.0,3.98,10.661999999999999
33,Biarritz,43.4832523,-1.5592776,2024-04-28 12:00:00,9.32,13.53,12.05,11.07,9.09,13.65,8.39,12.43,11.3,10.22,57,Rain,light rain,5.24,1.0,4.5,8.200000000000001
33,Biarritz,43.4832523,-1.5592776,2024-04-29 12:00:00,10.69,13.44,13.17,11.27,10.69,14.04,9.9,12.67,12.34,10.44,70,Rain,light rain,5.02,1.0,8.52,8.187999999999999
34,Bayonne,43.4945144,-1.4736657,2024-04-22 12:00:00,4.31,12.35,10.53,10.72,3.96,12.35,2.26,10.79,9.31,9.41,44,Rain,light rain,7.31,0.5,0.25,9.825
34,Bayonne,43.4945144,-1.4736657,2024-04-23 12:00:00,6.13,8.41,10.08,7.99,5.49,11.11,6.13,6.89,8.68,6.28,78,Rain,moderate rain,5.09,1.0,5.53,5.5569999999999995
34,Bayonne,43.4945144,-1.4736657,2024-04-24 12:00:00,9.14,12.31,11.7,10.61,7.21,12.9,7.09,11.53,11.04,9.95,74,Rain,light rain,5.3,1.0,3.34,7.566000000000001
34,Bayonne,43.4945144,-1.4736657,2024-04-25 12:00:00,10.56,13.01,12.08,10.39,10.24,13.56,10.02,12.43,11.56,9.68,79,Rain,light rain,5.22,1.0,5.98,7.962000000000001
34,Bayonne,43.4945144,-1.4736657,2024-04-26 12:00:00,8.81,15.52,15.27,12.42,8.64,16.7,7.97,14.8,14.68,11.83,64,Clouds,overcast clouds,4.02,0.0,0.0,16.7
34,Bayonne,43.4945144,-1.4736657,2024-04-27 12:00:00,11.11,14.62,11.41,9.39,9.39,16.3,10.57,13.81,10.75,8.09,64,Rain,light rain,6.37,1.0,3.71,10.929
34,Bayonne,43.4945144,-1.4736657,2024-04-28 12:00:00,8.31,13.89,11.67,9.8,8.05,13.89,7.51,12.77,10.96,8.77,55,Rain,light rain,4.89,1.0,3.93,8.497
34,Bayonne,43.4945144,-1.4736657,2024-04-29 12:00:00,9.77,13.65,12.99,10.08,9.77,14.32,8.58,12.9,12.17,9.28,70,Rain,light rain,4.91,1.0,7.92,8.528
35,La Rochelle,46.1591126,-1.1520434,2024-04-22 12:00:00,4.41,11.13,10.09,7.75,4.35,11.74,0.54,9.63,8.75,4.6,51,Rain,light rain,8.1,0.2,0.11,10.729000000000001
35,La Rochelle,46.1591126,-1.1520434,2024-04-23 12:00:00,4.33,10.3,11.09,8.78,4.33,11.64,0.5,8.69,9.74,6.12,50,Clouds,few clouds,6.57,0.0,0.0,11.64
35,La Rochelle,46.1591126,-1.1520434,2024-04-24 12:00:00,7.85,9.73,11.47,11.28,6.33,11.93,6.36,9.23,10.53,10.45,78,Rain,light rain,5.59,0.36,0.53,10.076999999999998
35,La Rochelle,46.1591126,-1.1520434,2024-04-25 12:00:00,6.82,12.15,11.62,9.61,6.82,12.84,3.42,11.01,10.61,7.37,61,Rain,light rain,6.15,1.0,1.64,7.676
35,La Rochelle,46.1591126,-1.1520434,2024-04-26 12:00:00,7.82,12.33,12.54,11.28,6.9,12.81,7.82,11.26,11.83,10.74,63,Rain,light rain,6.35,0.2,0.11,11.799000000000001
35,La Rochelle,46.1591126,-1.1520434,2024-04-27 12:00:00,10.5,12.57,12.23,12.24,10.5,12.57,9.67,11.87,11.49,11.3,76,Rain,moderate rain,14.31,1.0,9.38,6.632
35,La Rochelle,46.1591126,-1.1520434,2024-04-28 12:00:00,11.32,12.71,12.46,11.15,11.13,12.86,10.47,11.84,11.51,10.17,69,Rain,light rain,8.6,1.0,3.57,7.502999999999999
35,La Rochelle,46.1591126,-1.1520434,2024-04-29 12:00:00,8.74,13.15,12.63,11.26,8.74,13.32,7.43,12.3,11.72,10.32,68,Rain,light rain,5.8,0.2,0.21,12.299
